heading	entry	pdf_page	note
நூலாசிரியரால் தனக்கு வழிகாட்டியாகக் குறிப்பிடப் பெற்றவர்	அகஸ்த்யர்	14	
நூலாசிரியரால் தனக்கு வழிகாட்டியாகக் குறிப்பிடப் பெற்றவர்	அங்கிரஸ்	14	
நூலாசிரியரால் தனக்கு வழிகாட்டியாகக் குறிப்பிடப் பெற்றவர்	அத்ரி	14	
நூலாசிரியரால் தனக்கு வழிகாட்டியாகக் குறிப்பிடப் பெற்றவர்	ஆச்வலாயனர்	14	
நூலாசிரியரால் தனக்கு வழிகாட்டியாகக் குறிப்பிடப் பெற்றவர்	ஆபஸ்தம்பர்	14	
நூலாசிரியரால் தனக்கு வழிகாட்டியாகக் குறிப்பிடப் பெற்றவர்	அக்னிவேச்யாயனி	14	
நூலாசிரியரால் தனக்கு வழிகாட்டியாகக் குறிப்பிடப் பெற்றவர்	உசநா	14	
நூலாசிரியரால் தனக்கு வழிகாட்டியாகக் குறிப்பிடப் பெற்றவர்	கண்வர்	14	
நூலாசிரியரால் தனக்கு வழிகாட்டியாகக் குறிப்பிடப் பெற்றவர்	கர்கர்	14	
நூலாசிரியரால் தனக்கு வழிகாட்டியாகக் குறிப்பிடப் பெற்றவர்	காச்யபர்	14	
நூலாசிரியரால் தனக்கு வழிகாட்டியாகக் குறிப்பிடப் பெற்றவர்	காத்யாயனர்	14	
நூலாசிரியரால் தனக்கு வழிகாட்டியாகக் குறிப்பிடப் பெற்றவர்	கார்க்யர்	14	
நூலாசிரியரால் தனக்கு வழிகாட்டியாகக் குறிப்பிடப் பெற்றவர்	கார்ஷ்ணாஜினி	14	
நூலாசிரியரால் தனக்கு வழிகாட்டியாகக் குறிப்பிடப் பெற்றவர்	காலவர்	14	
நூலாசிரியரால் தனக்கு வழிகாட்டியாகக் குறிப்பிடப் பெற்றவர்	கோபிலர்	14	
நூலாசிரியரால் தனக்கு வழிகாட்டியாகக் குறிப்பிடப் பெற்றவர்	கௌசிகர்	14	
நூலாசிரியரால் தனக்கு வழிகாட்டியாகக் குறிப்பிடப் பெற்றவர்	கௌதமர்	14	
நூலாசிரியரால் தனக்கு வழிகாட்டியாகக் குறிப்பிடப் பெற்றவர்	சங்கர்	14	
நூலாசிரியரால் தனக்கு வழிகாட்டியாகக் குறிப்பிடப் பெற்றவர்	சாண்டில்யர்	14	
நூலாசிரியரால் தனக்கு வழிகாட்டியாகக் குறிப்பிடப் பெற்றவர்	சாதாதபர்	14	
நூலாசிரியரால் தனக்கு வழிகாட்டியாகக் குறிப்பிடப் பெற்றவர்	சாலங்காயனர்	14	
நூலாசிரியரால் தனக்கு வழிகாட்டியாகக் குறிப்பிடப் பெற்றவர்	சிவர்	14	
நூலாசிரியரால் தனக்கு வழிகாட்டியாகக் குறிப்பிடப் பெற்றவர்	சௌனகர்	14	
நூலாசிரியரால் தனக்கு வழிகாட்டியாகக் குறிப்பிடப் பெற்றவர்	ச்லோகபாஸ்தம்பர்	14	
நூலாசிரியரால் தனக்கு வழிகாட்டியாகக் குறிப்பிடப் பெற்றவர்	தக்ஷர்	14	
நூலாசிரியரால் தனக்கு வழிகாட்டியாகக் குறிப்பிடப் பெற்றவர்	தேவலர்	14	
நூலாசிரியரால் தனக்கு வழிகாட்டியாகக் குறிப்பிடப் பெற்றவர்	நந்திஸூரி	14	
நூலாசிரியரால் தனக்கு வழிகாட்டியாகக் குறிப்பிடப் பெற்றவர்	நாரதர்	14	
நூலாசிரியரால் தனக்கு வழிகாட்டியாகக் குறிப்பிடப் பெற்றவர்	நாராயணர்	14	
நூலாசிரியரால் தனக்கு வழிகாட்டியாகக் குறிப்பிடப் பெற்றவர்	பகவான்	14	
நூலாசிரியரால் தனக்கு வழிகாட்டியாகக் குறிப்பிடப் பெற்றவர்	பரத்வாஜர்	14	
நூலாசிரியரால் தனக்கு வழிகாட்டியாகக் குறிப்பிடப் பெற்றவர்	பராசரர்	14	
நூலாசிரியரால் தனக்கு வழிகாட்டியாகக் குறிப்பிடப் பெற்றவர்	பாரத்வாஜர்	14	
நூலாசிரியரால் தனக்கு வழிகாட்டியாகக் குறிப்பிடப் பெற்றவர்	பாரஸ்கரர்	14	
நூலாசிரியரால் தனக்கு வழிகாட்டியாகக் குறிப்பிடப் பெற்றவர்	பிதாமஹர்	14	
நூலாசிரியரால் தனக்கு வழிகாட்டியாகக் குறிப்பிடப் பெற்றவர்	புலஸ்த்யர்	14	
நூலாசிரியரால் தனக்கு வழிகாட்டியாகக் குறிப்பிடப் பெற்றவர்	புலஹர்	14	
நூலாசிரியரால் தனக்கு வழிகாட்டியாகக் குறிப்பிடப் பெற்றவர்	பைடீநஸி	14	
நூலாசிரியரால் தனக்கு வழிகாட்டியாகக் குறிப்பிடப் பெற்றவர்	போதாயனர்	14	
நூலாசிரியரால் தனக்கு வழிகாட்டியாகக் குறிப்பிடப் பெற்றவர்	ப்ருகு	14	
நூலாசிரியரால் தனக்கு வழிகாட்டியாகக் குறிப்பிடப் பெற்றவர்	ப்ருஹஸ்பதி	14	
நூலாசிரியரால் தனக்கு வழிகாட்டியாகக் குறிப்பிடப் பெற்றவர்	ப்ரசேதஸ்	14	
நூலாசிரியரால் தனக்கு வழிகாட்டியாகக் குறிப்பிடப் பெற்றவர்	ப்ரஜாபதி	14	
நூலாசிரியரால் தனக்கு வழிகாட்டியாகக் குறிப்பிடப் பெற்றவர்	ப்ரம்ஹா	14	
நூலாசிரியரால் தனக்கு வழிகாட்டியாகக் குறிப்பிடப் பெற்றவர்	ப்ருஹன்மனு	14	
நூலாசிரியரால் தனக்கு வழிகாட்டியாகக் குறிப்பிடப் பெற்றவர்	மரீசி	14	
நூலாசிரியரால் தனக்கு வழிகாட்டியாகக் குறிப்பிடப் பெற்றவர்	மனு	14	
நூலாசிரியரால் தனக்கு வழிகாட்டியாகக் குறிப்பிடப் பெற்றவர்	மஹாதேவர்	14	
நூலாசிரியரால் தனக்கு வழிகாட்டியாகக் குறிப்பிடப் பெற்றவர்	மார்க்கண்டேயர்	14	
நூலாசிரியரால் தனக்கு வழிகாட்டியாகக் குறிப்பிடப் பெற்றவர்	மேதாதிதி	14	
நூலாசிரியரால் தனக்கு வழிகாட்டியாகக் குறிப்பிடப் பெற்றவர்	யமன்	14	
நூலாசிரியரால் தனக்கு வழிகாட்டியாகக் குறிப்பிடப் பெற்றவர்	யாக்ஞவல்க்யர்	14	
நூலாசிரியரால் தனக்கு வழிகாட்டியாகக் குறிப்பிடப் பெற்றவர்	யோகயாக்ஞவல்க்யர்	14	
நூலாசிரியரால் தனக்கு வழிகாட்டியாகக் குறிப்பிடப் பெற்றவர்	ருச்யச்ருங்கர்	14	
நூலாசிரியரால் தனக்கு வழிகாட்டியாகக் குறிப்பிடப் பெற்றவர்	லிகிதர்	14	
நூலாசிரியரால் தனக்கு வழிகாட்டியாகக் குறிப்பிடப் பெற்றவர்	லோகாக்ஷி	14	
நூலாசிரியரால் தனக்கு வழிகாட்டியாகக் குறிப்பிடப் பெற்றவர்	வஸிஷ்டர்	14	
நூலாசிரியரால் தனக்கு வழிகாட்டியாகக் குறிப்பிடப் பெற்றவர்	விச்வாமித்ரர்	14	
நூலாசிரியரால் தனக்கு வழிகாட்டியாகக் குறிப்பிடப் பெற்றவர்	விஷ்ணு	14	
நூலாசிரியரால் தனக்கு வழிகாட்டியாகக் குறிப்பிடப் பெற்றவர்	விக்ஞானேச்வரர்	14	
நூலாசிரியரால் தனக்கு வழிகாட்டியாகக் குறிப்பிடப் பெற்றவர்	விவஸ்வான்	14	
நூலாசிரியரால் தனக்கு வழிகாட்டியாகக் குறிப்பிடப் பெற்றவர்	வையாக்ரபாதர்	14	
நூலாசிரியரால் தனக்கு வழிகாட்டியாகக் குறிப்பிடப் பெற்றவர்	வ்யாக்ரபாதர்	14	
நூலாசிரியரால் தனக்கு வழிகாட்டியாகக் குறிப்பிடப் பெற்றவர்	வ்ருத்தபராசரர்	14	
நூலாசிரியரால் தனக்கு வழிகாட்டியாகக் குறிப்பிடப் பெற்றவர்	வ்ருத்தசங்கர்	14	
நூலாசிரியரால் தனக்கு வழிகாட்டியாகக் குறிப்பிடப் பெற்றவர்	வ்ருத்தசாதாதபர்	14	
நூலாசிரியரால் தனக்கு வழிகாட்டியாகக் குறிப்பிடப் பெற்றவர்	வ்ருத்தமனு	14	
நூலாசிரியரால் தனக்கு வழிகாட்டியாகக் குறிப்பிடப் பெற்றவர்	வ்ருத்தகாரக்யர்	14	
நூலாசிரியரால் தனக்கு வழிகாட்டியாகக் குறிப்பிடப் பெற்றவர்	வ்ருத்தயாக்ஞவல்க்யர்	14	
நூலாசிரியரால் தனக்கு வழிகாட்டியாகக் குறிப்பிடப் பெற்றவர்	வ்ருத்தவஸிஷ்டர்	14	
நூலாசிரியரால் தனக்கு வழிகாட்டியாகக் குறிப்பிடப் பெற்றவர்	ஜாதூகர்ணி	14	
நூலாசிரியரால் தனக்கு வழிகாட்டியாகக் குறிப்பிடப் பெற்றவர்	ஜாதூகர்ண்யர்	14	
நூலாசிரியரால் தனக்கு வழிகாட்டியாகக் குறிப்பிடப் பெற்றவர்	ஜாபாலி	14	
நூலாசிரியரால் தனக்கு வழிகாட்டியாகக் குறிப்பிடப் பெற்றவர்	ஸங்க்ரஹகாரர்	14	
நூலாசிரியரால் தனக்கு வழிகாட்டியாகக் குறிப்பிடப் பெற்றவர்	ஸத்யவ்ரதர்	14	
நூலாசிரியரால் தனக்கு வழிகாட்டியாகக் குறிப்பிடப் பெற்றவர்	ஸத்யதபஸ்	14	
நூலாசிரியரால் தனக்கு வழிகாட்டியாகக் குறிப்பிடப் பெற்றவர்	ஸுமந்து	14	
நூலாசிரியரால் தனக்கு வழிகாட்டியாகக் குறிப்பிடப் பெற்றவர்	ஸுதர்சனாசார்யர்	14	
நூலாசிரியரால் தனக்கு வழிகாட்டியாகக் குறிப்பிடப் பெற்றவர்	ஸ்கந்தர்	14	
நூலாசிரியரால் தனக்கு வழிகாட்டியாகக் குறிப்பிடப் பெற்றவர்	ஹரதத்தர்	14	
நூலாசிரியரால் தனக்கு வழிகாட்டியாகக் குறிப்பிடப் பெற்றவர்	ஹரி:	14	
நூலாசிரியரால் தனக்கு வழிகாட்டியாகக் குறிப்பிடப் பெற்றவர்	ஹாரீதர்	14	
ஆதார நூல்கள்	அகண்டாதர்சம்	14	
ஆதார நூல்கள்	அங்கிரஸ் ஸ்ம்ருதி	14	
ஆதார நூல்கள்	அதர்வசிரஸ்	14	
ஆதார நூல்கள்	அத்ரி ஸ்ம்ருதி	14	
ஆதார நூல்கள்	அபரார்க்கம்	14	
ஆதார நூல்கள்	ஆச்வமேதிகம்	14	
ஆதார நூல்கள்	ஆச்வலாயன ஸ்ம்ருதி	14	
ஆதார நூல்கள்	ஆதித்யபுராணம்	14	
ஆதார நூல்கள்	ஆபஸ்தம்ப தர்மம்	14	
ஆதார நூல்கள்	ஆபஸ்தம்ப ஸ்ம்ருதி	14	
ஆதார நூல்கள்	உசநஸ் ஸ்ம்ருதி	14	
ஆதார நூல்கள்	கடசாகா	14	
ஆதார நூல்கள்	கண்வ ஸ்ம்ருதி	14	
ஆதார நூல்கள்	கர்மப்ரதீபம்	14	
ஆதார நூல்கள்	காத்யாயன ஸ்ம்ருதி	14	
ஆதார நூல்கள்	காயத்ரீஸாரம்	14	
ஆதார நூல்கள்	காருடம்	14	
ஆதார நூல்கள்	காருடபுராணம்	14	
ஆதார நூல்கள்	காலநிர்ணயம்	14	
ஆதார நூல்கள்	காலாக்னி ருத்ரம்	14	
ஆதார நூல்கள்	காலாதர்சம்	14	
ஆதார நூல்கள்	கூர்ம புராணம்	14	
ஆதார நூல்கள்	கோபில ஸ்ம்ருதி	14	joined across pdf 14-15
ஆதார நூல்கள்	கௌசிக ஸ்ம்ருதி	15	
ஆதார நூல்கள்	கௌதம ஸ்ம்ருதி	15	
ஆதார நூல்கள்	கௌர்மம்	15	
ஆதார நூல்கள்	க்ரியா ஸாரம்	15	
ஆதார நூல்கள்	க்ருஹ்ய பரிசிஷ்டம்	15	
ஆதார நூல்கள்	சக்ரோபநிஷத்	15	
ஆதார நூல்கள்	சங்கர ஸம்ஹிதா	15	
ஆதார நூல்கள்	சங்க ஸ்ம்ருதி	15	
ஆதார நூல்கள்	சதுர்விம்சதி மதம்	15	
ஆதார நூல்கள்	சந்தோக ச்ருதி	15	
ஆதார நூல்கள்	சர்யா பாதம்	15	
ஆதார நூல்கள்	சந்த்ரிகா	15	
ஆதார நூல்கள்	சாதாதப ஸ்ம்ருதி	15	
ஆதார நூல்கள்	சைவம்	15	
ஆதார நூல்கள்	சௌனக ஸ்ம்ருதி	15	
ஆதார நூல்கள்	ஜாதிநிர்ணயஸங்க்ரஹம்	15	
ஆதார நூல்கள்	ஜாபாலோபநிஷத்	15	
ஆதார நூல்கள்	தர்ம ஸார ஸுதானிதி	15	
ஆதார நூல்கள்	தக்ஷ ஸ்ம்ருதி	15	
ஆதார நூல்கள்	தேவல ஸ்ம்ருதி	15	
ஆதார நூல்கள்	தேவீ புராணம்	15	
ஆதார நூல்கள்	தைத்திரீயகம்	15	
ஆதார நூல்கள்	தைத்திரீயக ச்ருதி	15	
ஆதார நூல்கள்	நாரதீயம்	15	
ஆதார நூல்கள்	நிருக்த பாஷ்யம்	15	
ஆதார நூல்கள்	ந்ருஸிம்ஹ புராணம்	15	
ஆதார நூல்கள்	பத்ததி	15	
ஆதார நூல்கள்	பராசர ஸ்ம்ருதி	15	
ஆதார நூல்கள்	பவிஷ்யத் புராணம்	15	
ஆதார நூல்கள்	பவிஷ்யோத்தரம்	15	
ஆதார நூல்கள்	பரத்வாஜ ஸ்ம்ருதி	15	
ஆதார நூல்கள்	பாகவதம்	15	
ஆதார நூல்கள்	பாஞ்ச ராத்ரம்	15	
ஆதார நூல்கள்	பாத்மம்	15	
ஆதார நூல்கள்	பாரிஜாதம்	15	
ஆதார நூல்கள்	பாராசரம்	15	
ஆதார நூல்கள்	பாராசரோப புராணம்	15	
ஆதார நூல்கள்	பாராசர்யம்	15	
ஆதார நூல்கள்	புருஷார்த்த ப்ரபோதம்	15	
ஆதார நூல்கள்	பைடீநஸ ஸ்ம்ருதி	15	
ஆதார நூல்கள்	போதாயன ஸ்ம்ருதி	15	
ஆதார நூல்கள்	போதாயன தர்மம்	15	
ஆதார நூல்கள்	ப்ரேசேதஸ் ஸ்ம்ருதி	15	
ஆதார நூல்கள்	ப்ரதீபிகா	15	
ஆதார நூல்கள்	ப்ரபஞ்ச ஸாரம்	15	
ஆதார நூல்கள்	ப்ரயோக பாரிஜாதம்	15	
ஆதார நூல்கள்	ப்ரஹ்ம புராணம்	15	
ஆதார நூல்கள்	ப்ரஹ்மாண்ட புராணம்	15	
ஆதார நூல்கள்	ப்ரஹ்ம கைவர்த்தம்	15	
ஆதார நூல்கள்	ப்ரஹ்ம ஸித்தாந்தம்	15	
ஆதார நூல்கள்	மந்த்ர தீபிகா	15	
ஆதார நூல்கள்	மந்த்ர தேவதா ப்ரகாசிகா	15	
ஆதார நூல்கள்	மரீசி ஸ்ம்ருதி	15	
ஆதார நூல்கள்	மஹாபாரதம்	15	
ஆதார நூல்கள்	மனு ஸ்ம்ருதி	15	
ஆதார நூல்கள்	மஹோபநிஷத்	15	
ஆதார நூல்கள்	மாத்யந்தின க்ருஹ்யம்	15	
ஆதார நூல்கள்	மாதவீயம்	15	
ஆதார நூல்கள்	மானவ புராணம்	15	
ஆதார நூல்கள்	மானவம்	15	
ஆதார நூல்கள்	மானவீய ஸம்ஹிதா	15	
ஆதார நூல்கள்	மானவோபபுராணம்	15	
ஆதார நூல்கள்	யம ஸ்ம்ருதி	15	
ஆதார நூல்கள்	யாக்ஞவல்க்ய ஸ்ம்ருதி	15	
ஆதார நூல்கள்	ரத்னாவளி	15	
ஆதார நூல்கள்	ருக்விதானம்	15	
ஆதார நூல்கள்	லிகித ஸ்ம்ருதி	15	
ஆதார நூல்கள்	லைங்கம்	15	
ஆதார நூல்கள்	லைங்க புராணம்	15	
ஆதார நூல்கள்	வரதராஜீயம்	15	
ஆதார நூல்கள்	வஸிஷ்ட ஸம்ஹிதா	15	
ஆதார நூல்கள்	வஸிஷ்ட ஸ்ம்ருதி	15	
ஆதார நூல்கள்	வாமன புராணம்	15	
ஆதார நூல்கள்	வாயு புராணம்	15	
ஆதார நூல்கள்	வாஸிஷ்டம்	15	
ஆதார நூல்கள்	வாஸிஷ்ட லைங்கம்	15	
ஆதார நூல்கள்	வாஸுதேவோபநிஷத்	15	
ஆதார நூல்கள்	விக்ஞானேச்வரீயம்	15	
ஆதார நூல்கள்	விஷ்ணு தர்மோத்தரம்	15	
ஆதார நூல்கள்	விஷ்ணு புராணம்	15	
ஆதார நூல்கள்	விஷ்ணு ஸ்ம்ருதி	15	
ஆதார நூல்கள்	வைகானஸ ஸூத்ரம்	15	
ஆதார நூல்கள்	வ்யாஸ ஸ்ம்ருதி	15	
ஆதார நூல்கள்	ஷட்த்ரிசன்மதம்	15	
ஆதார நூல்கள்	ஸங்க்ரஹம்	15	
ஆதார நூல்கள்	ஸாங்க்யாயன க்ருஹ்யம்	15	
ஆதார நூல்கள்	ஸார ஸமுச்சயம்	15	
ஆதார நூல்கள்	ஸார ஸங்க்ரஹம்	15	
ஆதார நூல்கள்	ஸுமந்து ஸ்ம்ருதி	15	
ஆதார நூல்கள்	ஸூத ஸம்ஹிதா	15	
ஆதார நூல்கள்	ஸௌர ஸம்ஹிதா	15	
ஆதார நூல்கள்	ஸ்காந்தம்	15	
ஆதார நூல்கள்	ஸ்ம்ருதி சந்த்ரிகா	15	
ஆதார நூல்கள்	ஸ்ம்ருதி சிந்தாமணி	15	
ஆதார நூல்கள்	ஸ்ம்ருதி தீபிகா	15	
ஆதார நூல்கள்	ஸ்ம்ருதி பாஸ்கரம்	15	
ஆதார நூல்கள்	ஸ்ம்ருதி ப்ரதீபிகா	15	
ஆதார நூல்கள்	ஸ்ம்ருதி ரத்னம்	15	
ஆதார நூல்கள்	ஸ்ம்ருதி ரத்னாவளி	15	
ஆதார நூல்கள்	ஸ்ம்ருதி ஸங்க்ரஹம்	15	
ஆதார நூல்கள்	ஸ்ம்ருதி ஸார ஸமுச்சயம்	15	
ஆதார நூல்கள்	ஸ்ம்ருதி ஸாரம்	15	
ஆதார நூல்கள்	ஸ்ம்ருத்யர்த்த ஸாரம்	15	
ஆதார நூல்கள்	ஹாரீத ஸ்ம்ருதி	15	
